{"AIR": 141464891660.07043, "ALV": 144735642946.97968, "ASML": 533726401311.2219, "BBVA": 112023446564.18427, "BMW": 45388911883.56594, "BNP": 102393773058.83174, "CS": 80819455615.93918, "DTE": 139625329994.09454, "ENEL": 95511412669.75, "ENI": 66149300415.898346, "IBE": 131777989278.0, "IFX": 105402418134.64165, "ING": 76568370573.00371, "ISP": 101208847134.40657, "KER": 31310749886.256683, "MC": 233723226201.13385, "MUV": 57877160832.66522, "LOR": 204199416542.82074, "ORA": 47694238449.45468, "PHI": 21772652458.9653, "PRX": 83181619005.56631, "HER": 169779677400.0, "SAF": 127001652846.15454, "SAN": 154486831375.61945, "SAP": 181275211378.8866, "SIE": 205788150835.9679, "SCH": 151887172175.727, "TTE": 167116236283.98962, "UCG": 111232109193.57422, "VIV": 2341003987.4976397, "VW": 46028930895.67683, "STL": 19891390143.5381, "ABI": 133571001021.0, "ADYEN": 31850545483.54146, "DBK": 53300740205.96242, "MER": 49963061875.49704, "BAS": 44941407258.06536, "BAY": 35887950516.21185, "AI": 102767700851.71834, "SGO": 38094517310.57007, "DHL": 57305254690.71483, "ENGI": 67258529599.79887, "EL": 80438293260.9375, "FLTR": 12535905914.24, "CRH": 58734816390.6}